
insert into categorias(id,nombre_categoria,genero,descripcion_categoria) values (1, "CATEGORIA_AD"," DAMAS"," Perfume Concentrado ANTOBA");
insert into categorias(id,nombre_categoria,genero,descripcion_categoria) values (2, "CATEGORIA_BD", "DAMAS"," Perfume Concentrado BRITS");
insert into categorias(id,nombre_categoria,genero,descripcion_categoria) values (3, "CATEGORIA_CD"," DAMAS"," Perfume Concentrado CHRID");
insert into categorias(id,nombre_categoria,genero,descripcion_categoria) values (4, "CATEGORIA_DD"," DAMAS"," Perfume Concentrado DULGI");
insert into categorias(id,nombre_categoria,genero,descripcion_categoria) values (5, "CATEGORIA_ED"," DAMAS"," Perfume Concentrado ELI");
insert into categorias(id,nombre_categoria,genero,descripcion_categoria) values (6, "CATEGORIA_AC"," CABALLEROS"," Perfume Concentrado ABER");
insert into categorias(id,nombre_categoria,genero,descripcion_categoria) values (7, "CATEGORIA_BC"," CABALLEROS"," Perfume Concentrado BLANCO");
insert into categorias(id,nombre_categoria,genero,descripcion_categoria) values (8, "CATEGORIA_CC"," CABALLEROS"," Perfume Concentrado CHRID");
insert into categorias(id,nombre_categoria,genero,descripcion_categoria) values (9, "CATEGORIA_DC"," CABALLEROS"," Perfume Concentrado DIDA");
insert into categorias(id,nombre_categoria,genero,descripcion_categoria) values (10, "CATEGORIA_EC"," CABALLEROS"," Perfume Concentrado ELI");
insert into categorias(id,nombre_categoria,genero,descripcion_categoria) values (11, "CATEGORIA_AU"," UNISEX"," Perfume Concentrado ARMISS");
insert into categorias(id,nombre_categoria,genero,descripcion_categoria) values (12, "CATEGORIA_CU"," UNISEX"," Perfume Concentrado CHRID");
insert into categorias(id,nombre_categoria,genero,descripcion_categoria) values (13, "CATEGORIA_DU"," UNISEX"," Perfume Concentrado DOKA");
insert into categorias(id,nombre_categoria,genero,descripcion_categoria) values (14, "CATEGORIA_GU"," UNISEX"," Perfume Concentrado GICHI");
insert into categorias(id,nombre_categoria,genero,descripcion_categoria) values (15, "CATEGORIA_JU"," UNISEX"," Perfume Concentrado JACO");


insert into productos(id,nombre_producto,codigo_producto,precio,presentacion,categoria_id) values (1,"P.C.SeduccionAzulAntobaF","PC001",15.00,"100 ML",1);
insert into productos(id,nombre_producto,codigo_producto,precio,presentacion,categoria_id) values (2,"P.C.ReinaDeSeducciónAntobaF(2017)","PC002",30.00,"100 ML",1);
insert into productos(id,nombre_producto,codigo_producto,precio,presentacion,categoria_id) values (3,"P.C.ElSecretoDoradoAntobaF","PC003",20.00,"100 ML",1);

insert into productos(id,nombre_producto,codigo_producto,precio,presentacion,categoria_id) values (4,"P.C.BelieveBritsF","PC004",15.00,"100 ML",2);
insert into productos(id,nombre_producto,codigo_producto,precio,presentacion,categoria_id) values (5,"P.C.CuriousBritsF","PC005",15.00,"100 ML",2);
insert into productos(id,nombre_producto,codigo_producto,precio,presentacion,categoria_id) values (6,"P.C.FantasiaBrits F","PC006",15.00,"100 ML",2);

insert into productos(id,nombre_producto,codigo_producto,precio,presentacion,categoria_id) values (7,"P.C.JchridInjoyF(2018) ","PC007",15.00,"100 ML",3);
insert into productos(id,nombre_producto,codigo_producto,precio,presentacion,categoria_id) values (8,"P.C.JoyChridF(2018)","PC008",15.00,"100 ML",3);
insert into productos(id,nombre_producto,codigo_producto,precio,presentacion,categoria_id) values (9,"P.C.JoMissChridF","PC009",15.00,"100 ML",3);

insert into productos(id,nombre_producto,codigo_producto,precio,presentacion,categoria_id) values (10,"P.C.JardinDulgiF(2018)","PC010",15.00,"100 ML",4);
insert into productos(id,nombre_producto,codigo_producto,precio,presentacion,categoria_id) values (11,"P.C.DulceRosaExcelsaDulgiF(2016)","PC011",15.00,"100 ML",4);
insert into productos(id,nombre_producto,codigo_producto,precio,presentacion,categoria_id) values (12,"P.C.CelesteDulgiF","PC012",15.00,"100 ML",4);

insert into productos(id,nombre_producto,codigo_producto,precio,presentacion,categoria_id) values (13,"P.C.1.8EliF","PC013",15.00,"100 ML",5);
insert into productos(id,nombre_producto,codigo_producto,precio,presentacion,categoria_id) values (14,"P.C.1.8EliSensualF(2016)","PC014",15.00,"100 ML",5);
insert into productos(id,nombre_producto,codigo_producto,precio,presentacion,categoria_id) values (15,"P.C.36.CollectionEliF(2016)","PC015",15.00,"100 ML",5);

insert into productos(id,nombre_producto,codigo_producto,precio,presentacion,categoria_id) values (16,"P.C.FerozColoniaAberH","PC016",15.00,"100 ML",6);
insert into productos(id,nombre_producto,codigo_producto,precio,presentacion,categoria_id) values (17,"P.C.PrimerInstintoAberH(2017)","PC017",15.00,"100 ML",6);

insert into productos(id,nombre_producto,codigo_producto,precio,presentacion,categoria_id) values (18,"P.C.Legend BlancoH","PC018",15.00,"100 ML",7);
insert into productos(id,nombre_producto,codigo_producto,precio,presentacion,categoria_id) values (19,"P.C.PresenceBlancoH","PC019",15.00,"100 ML",7);
insert into productos(id,nombre_producto,codigo_producto,precio,presentacion,categoria_id) values (20,"P.C.LegendBlancoH","PC020",15.00,"100 ML",7);

insert into productos(id,nombre_producto,codigo_producto,precio,presentacion,categoria_id) values (21,"P.C.EauCologneSauvageChridH(2016)","PC021",15.00,"100 ML",8);
insert into productos(id,nombre_producto,codigo_producto,precio,presentacion,categoria_id) values (22,"P.C.TemperaturaChridH","PC022",15.00,"100 ML",8);
insert into productos(id,nombre_producto,codigo_producto,precio,presentacion,categoria_id) values (23,"P.C.SauvageChridH(2016) ","PC023",15.00,"100 ML",8);

insert into productos(id,nombre_producto,codigo_producto,precio,presentacion,categoria_id) values (24,"P.C.ActiveDidaH","PC024",15.00,"100 ML",9);
insert into productos(id,nombre_producto,codigo_producto,precio,presentacion,categoria_id) values (25,"P.C.DidaH","PC025",15.00,"100 ML",9);
insert into productos(id,nombre_producto,codigo_producto,precio,presentacion,categoria_id) values (26,"P.C.AdventureDidaH","PC026",15.00,"100 ML",9);

insert into productos(id,nombre_producto,codigo_producto,precio,presentacion,categoria_id) values (27,"P.C.1.8EliH","PC027",15.00,"100 ML",10);
insert into productos(id,nombre_producto,codigo_producto,precio,presentacion,categoria_id) values (28,"P.C.36.BlackEliH","PC028",15.00,"100 ML",10);
insert into productos(id,nombre_producto,codigo_producto,precio,presentacion,categoria_id) values (29,"P.C.36.CollectionEliH(2018)","PC029",15.00,"100 ML",10);

insert into productos(id,nombre_producto,codigo_producto,precio,presentacion,categoria_id) values (30,"P.C.Armiss","PC030",15.00,"100 ML",11);

insert into productos(id,nombre_producto,codigo_producto,precio,presentacion,categoria_id) values (31,"P.C.AdictChrid","PC031",15.00,"100 ML",12);
insert into productos(id,nombre_producto,codigo_producto,precio,presentacion,categoria_id) values (32,"P.C.AdictDosChrid ","PC032",15.00,"100 ML",12);
insert into productos(id,nombre_producto,codigo_producto,precio,presentacion,categoria_id) values (33,"P.C.HommeSportChrid","PC033",15.00,"100 ML",12);

insert into productos(id,nombre_producto,codigo_producto,precio,presentacion,categoria_id) values (34,"P.C.MyNewYorkDoka(2016) ","PC034",15.00,"100 ML",13);

insert into productos(id,nombre_producto,codigo_producto,precio,presentacion,categoria_id) values (35,"P.C.PiGichi ","PC035",15.00,"100 ML",14);

insert into productos(id,nombre_producto,codigo_producto,precio,presentacion,categoria_id) values (36,"P.C.MargaritaJaco(2015)","PC036",15.00,"100 ML",15);


insert into clientes(id, num_nit, nombres, apellidos, telefono, correo_email) values (1, "1234567890", "Juan", "Pérez", "555-123-4567", "juan.perez@example.com");
insert into clientes(id, num_nit, nombres, apellidos, telefono, correo_email) values (2, "98765432210", "María", "González", "555-987-6543", "maria.gonzalez@example.com");
insert into clientes(id, num_nit, nombres, apellidos, telefono, correo_email) values (3, "5678901234", "Pedro", "Ramírez", "555-567-8901", "pedro.ramirez@example.com");
insert into clientes(id, num_nit, nombres, apellidos, telefono, correo_email) values (4, "4321098765", "Luisa", "López", "555-432-1098", "luisa.lopez@example.com");
insert into clientes(id, num_nit, nombres, apellidos, telefono, correo_email) values (5, "3210987654", "Miguel", "Torres", "555-321-0987", "miguel.torres@example.com");
insert into clientes(id, num_nit, nombres, apellidos, telefono, correo_email) values (6, "2345678901", "Sofía", "Martínez", "555-234-5678", "sofia.martinez@example.com");
insert into clientes(id, num_nit, nombres, apellidos, telefono, correo_email) values (7, "6789012345", "Carlos", "Fernández", "555-678-9012", "carlos.fernandez@example.com");
insert into clientes(id, num_nit, nombres, apellidos, telefono, correo_email) values (8, "7890123456", "Laura", "Sánchez", "555-789-0123", "laura.sanchez@example.com");
insert into clientes(id, num_nit, nombres, apellidos, telefono, correo_email) values (9, "4567890123", "Andrés", "Rodríguez", "555-456-7890", "andres.rodriguez@example.com");
insert into clientes(id, num_nit, nombres, apellidos, telefono, correo_email) values (10, "8901234567", "Elena", "Hernández", "555-890-1234", "elena.hernandez@example.com");
insert into clientes(id, num_nit, nombres, apellidos, telefono, correo_email) values (11, "6543210987", "Javier", "Luna", "555-654-3210", "javier.luna@example.com");
insert into clientes(id, num_nit, nombres, apellidos, telefono, correo_email) values (12, "2345678901", "Lucía", "Paredes", "555-234-5678", "lucia.paredes@example.com");
insert into clientes(id, num_nit, nombres, apellidos, telefono, correo_email) values (13, "7654321098", "Antonio", "Ortega", "555-765-4321", "antonio.ortega@example.com");
insert into clientes(id, num_nit, nombres, apellidos, telefono, correo_email) values (14, "1234567890", "Carmen", "Díaz", "555-123-4567", "carmen.diaz@example.com");
insert into clientes(id, num_nit, nombres, apellidos, telefono, correo_email) values (15, "9876543210", "Diego", "Santos", "555-987-6543", "diego.santos@example.com");


